,,#,Race,Incumbent,Rating
,,1,AZ - 1,Open Seat Left by Schweikert (R),Race Rating: Tossup
,,2,AL - 1,Open Seat Left by Moore (R),Race Rating: Safe R
,,3,AL - 2,Incumbent: Shomari Figures (D),Race Rating: Lean R
,,4,AL - 3,Incumbent: Mike Rogers (R),Race Rating: Safe R
,,5,AL - 4,Incumbent: Robert Aderholt (R),Race Rating: Safe R
,,6,AL - 5,Incumbent: Dale Strong (R),Race Rating: Safe R
,,7,AL - 6,Incumbent: Gary Palmer (R),Race Rating: Safe R
,,8,AL - 7,Incumbent: Terri Sewell (D),Race Rating: Safe D
,,9,AK - 0,Incumbent: Nick Begich (R),Race Rating: Likely R
,,10,AZ - 2,Incumbent: Eli Crane (R),Race Rating: Likely R
,,11,AZ - 3,Incumbent: Yassamin Ansari (D),Race Rating: Safe D
,,12,AZ - 4,Incumbent: Greg Stanton (D),Race Rating: Likely D
,,13,AZ - 5,Open Seat Left by Biggs (R),Race Rating: Safe R
,,14,AZ - 6,Incumbent: Juan Ciscomani (R),Race Rating: Tilt D
,,15,AZ - 7,Incumbent: Raul Grijalva (D),Race Rating: Safe D
,,16,AZ - 8,Incumbent: Abraham Hamadeh (R),Race Rating: Likely R
,,17,AZ - 9,Incumbent: Paul Gosar (R),Race Rating: Safe R
,,18,AR - 1,Incumbent: Rick Crawford (R),Race Rating: Safe R
,,19,AR - 2,Incumbent: French Hill (R),Race Rating: Lean R
,,20,AR - 3,Incumbent: Steve Womack (R),Race Rating: Safe R
,,21,AR - 4,Incumbent: Bruce Westerman (R),Race Rating: Safe R
,,22,CA - 1,Open Seat Left by LaMalfa (R),Race Rating: Safe D
,,23,CA - 2,Incumbent: Jared Huffman (D),Race Rating: Safe D
,,24,CA - 3,Incumbent: Kevin Kiley (D),Race Rating: Safe D
,,25,CA - 4,Incumbent: Mike Thompson (D),Race Rating: Safe D
,,26,CA - 5,Incumbent: Tom McClintock (R),Race Rating: Safe R
,,27,CA - 6,Incumbent: Ami Bera (R),Race Rating: Likely D
,,28,CA - 7,Incumbent: Doris Matsui (D),Race Rating: Safe D
,,29,CA - 8,Incumbent: John Garamendi (D),Race Rating: Safe D
,,30,CA - 9,Incumbent: Josh Harder (D),Race Rating: Safe D
,,31,CA - 10,Incumbent: Mark DeSaulnier (D),Race Rating: Safe D
,,32,CA - 11,Open Seat Left by Pelosi (D),Race Rating: Safe D
,,33,CA - 12,Incumbent: Lateefah Simon (D),Race Rating: Safe D
,,34,CA - 13,Incumbent: Adam Gray (D),Race Rating: Lean D
,,35,CA - 14,Open Seat Left by Swalwell (D),Race Rating: Safe D
,,36,CA - 15,Incumbent: Kevin Mullin (D),Race Rating: Safe D
,,37,CA - 16,Incumbent: Sam Liccardo (D),Race Rating: Safe D
,,38,CA - 17,Incumbent: Ro Khanna (D),Race Rating: Safe D
,,39,CA - 18,Incumbent: Zoe Lofgren (D),Race Rating: Safe D
,,40,CA - 19,Incumbent: Jimmy Panetta (D),Race Rating: Safe D
,,41,CA - 20,Incumbent: Vince Fong (R),Race Rating: Safe R
,,42,CA - 21,Incumbent: Jim Costa (D),Race Rating: Likely D
,,43,CA - 22,Incumbent: David Valadao (R),Race Rating: Lean D
,,44,CA - 23,Incumbent: Jay Obernolte (R),Race Rating: Safe R
,,45,CA - 24,Incumbent: Salud Carbajal (D),Race Rating: Safe D
,,46,CA - 25,Incumbent: Raul Ruiz (D),Race Rating: Safe D
,,47,CA - 26,Open Seat Left by Brownley (D),Race Rating: Safe D
,,48,CA - 27,Incumbent: George Whitesides (D),Race Rating: Safe D
,,49,CA - 28,Incumbent: Judy Chu (D),Race Rating: Safe D
,,50,CA - 29,Incumbent: Luz Rivas (D),Race Rating: Safe D
,,51,CA - 30,Incumbent: Laura Friedman (D),Race Rating: Safe D
,,52,CA - 31,Incumbent: Gil Cisneros (D),Race Rating: Safe D
,,53,CA - 32,Incumbent: Brad Sherman (D),Race Rating: Safe D
,,54,CA - 33,Incumbent: Pete Aguilar (D),Race Rating: Safe D
,,55,CA - 34,Incumbent: Jimmy Gomez (D),Race Rating: Safe D
,,56,CA - 35,Incumbent: Norma Torres (D),Race Rating: Safe D
,,57,CA - 36,Incumbent: Ted Lieu (D),Race Rating: Safe D
,,58,CA - 37,Incumbent: Sydney Kamlager (D),Race Rating: Safe D
,,59,CA - 38,Open Seat Left by Sanchez (D),Race Rating: Safe D
,,60,CA - 39,Incumbent: Mark Takano (D),Race Rating: Safe D
,,61,CA - 40,Open Seat Left by Kim (R),Race Rating: Safe R
,,62,CA - 41,Open Seat Left by Calvert (R),Race Rating: Safe D
,,63,CA - 42,Incumbent: Robert Garcia (D),Race Rating: Safe D
,,64,CA - 43,Incumbent: Maxine Waters (D),Race Rating: Safe D
,,65,CA - 44,Incumbent: Nanette Barragan (D),Race Rating: Safe D
,,66,CA - 45,Incumbent: Derek Tran (D),Race Rating: Likely D
,,67,CA - 46,Incumbent: Lou Correa (D),Race Rating: Safe D
,,68,CA - 47,Incumbent: David Min (D),Race Rating: Safe D
,,69,CA - 48,Open Seat Left by Issa (R),Race Rating: Tilt D
,,70,CA - 49,Incumbent: Mike Levin (D),Race Rating: Safe D
,,71,CA - 50,Incumbent: Scott Peters (D),Race Rating: Safe D
,,72,CA - 51,Incumbent: Sara Jacobs (D),Race Rating: Safe D
,,73,CA - 52,Incumbent: Juan Vargas (D),Race Rating: Safe D
,,74,CO - 1,Open Seat Left by DeGette (D),Race Rating: Safe D
,,75,CO - 2,Incumbent: Joe Neguse (D),Race Rating: Safe D
,,76,CO - 3,Incumbent: Jeff Hurd (R),Race Rating: Likely R
,,77,CO - 4,Incumbent: Lauren Boebert (R),Race Rating: Lean R
,,78,CO - 5,Incumbent: Jeff Crank (R),Race Rating: Tossup
,,79,CO - 6,Incumbent: Jason Crow (D),Race Rating: Safe D
,,80,CO - 7,Incumbent: Brittany Pettersen (D),Race Rating: Safe D
,,81,CO - 8,Incumbent: Gabe Evans (R),Race Rating: Tilt D
,,82,CT - 1,Open Seat Left by Larson (D),Race Rating: Safe D
,,83,CT - 2,Incumbent: Joe Courtney (D),Race Rating: Safe D
,,84,CT - 3,Incumbent: Rosa Delauro (D),Race Rating: Safe D
,,85,CT - 4,Incumbent: Jim Himes (D),Race Rating: Safe D
,,86,CT - 5,Incumbent: Jahana Hayes (D),Race Rating: Safe D
,,87,DE - 0,Incumbent: Sarah McBride (D),Race Rating: Safe D
,,88,FL - 1,Incumbent: Jimmy Patronis (R),Race Rating: Safe R
,,89,FL - 2,Open Seat Left by Dunn (R),Race Rating: Likely R
,,90,FL - 3,Incumbent: Kat Cammack (R),Race Rating: Safe R
,,91,FL - 4,Incumbent: Aaron Bean (R),Race Rating: Safe R
,,92,FL - 5,Incumbent: John Rutherford (R),Race Rating: Safe R
,,93,FL - 6,Incumbent: Randy Fine (R),Race Rating: Safe R
,,94,FL - 7,Open Seat Left by Mills (R),Race Rating: Tilt R
,,95,FL - 8,Incumbent: Mike Haridopolos (R),Race Rating: Safe R
,,96,FL - 9,Incumbent: Darren Soto (D),Race Rating: Tossup
,,97,FL - 10,Incumbent: Maxwell Frost (D),Race Rating: Safe D
,,98,FL - 11,Open Seat Left by Webster (R),Race Rating: Lean R
,,99,FL - 12,Incumbent: Gus Bilirakis (R),Race Rating: Likely R
,,100,FL - 13,Incumbent: Anna Paulina Luna (R),Race Rating: Likely R
,,101,FL - 14,Incumbent: Kathy Castor (D),Race Rating: Lean D
,,102,FL - 15,Incumbent: Laurel Lee (R),Race Rating: Safe R
,,103,FL - 16,Open Seat Left by Buchanan (R),Race Rating: Tilt R
,,104,FL - 17,Incumbent: Greg Steube (R),Race Rating: Safe R
,,105,FL - 18,Incumbent: Scott Franklin (R),Race Rating: Likely R
,,106,FL - 19,Open Seat Left by Donalds (R),Race Rating: Safe R
,,107,FL - 20,Incumbent: Sheila Cherfilus-McCormick (D),Race Rating: Safe D
,,108,FL - 21,Incumbent: Brian Mast (R),Race Rating: Safe R
,,109,FL - 22,Open Seat Left by Frankel (D),Race Rating: Tossup
,,110,FL - 23,Incumbent: Jared Moskowitz (D),Race Rating: Safe D
,,111,FL - 24,Open Seat Left by Wilson (D),Race Rating: Safe D
,,112,FL - 25,Incumbent: Debbie Wasserman Schultz (D),Race Rating: Tossup
,,113,FL - 26,Incumbent: Mario Diaz-Balart (R),Race Rating: Safe R
,,114,FL - 27,Incumbent: Maria Elvira Salazar (R),Race Rating: Likely R
,,115,FL - 28,Incumbent: Carlos Gimenez (R),Race Rating: Safe R
,,116,GA - 1,Open Seat Left by Carter (R),Race Rating: Likely R
,,117,GA - 2,Incumbent: Sanford Bishop (D),Race Rating: Safe D
,,118,GA - 3,Incumbent: Brian Jack (R),Race Rating: Safe R
,,119,GA - 4,Incumbent: Hank Johnson (D),Race Rating: Safe D
,,120,GA - 5,Incumbent: Nikema Williams (D),Race Rating: Safe D
,,121,GA - 6,Incumbent: Lucy McBath (D),Race Rating: Safe D
,,122,GA - 7,Incumbent: Rich McCormick (R),Race Rating: Safe R
,,123,GA - 8,Incumbent: Austin Scott (R),Race Rating: Safe R
,,124,GA - 9,Incumbent: Andrew Clyde (R),Race Rating: Safe R
,,125,GA - 10,Open Seat Left by Collins (R),Race Rating: Safe R
,,126,GA - 11,Open Seat Left by Loudermilk (R),Race Rating: Safe R
,,127,GA - 12,Incumbent: Rick Allen (R),Race Rating: Safe R
,,128,GA - 13,Open Seat Left by Scott (D),Race Rating: Safe D
,,129,GA - 14,Open Seat Left by Taylor Greene (R),Race Rating: Likely R
,,130,HI - 1,Incumbent: Ed Case (D),Race Rating: Safe D
,,131,HI - 2,Incumbent: Jill Tokuda (D),Race Rating: Safe D
,,132,ID - 1,Incumbent: Russ Fulcher (R),Race Rating: Safe R
,,133,ID - 2,Incumbent: Mike Simpson (R),Race Rating: Safe R
,,134,IL - 1,Incumbent: Jonathan Jackson (D),Race Rating: Safe D
,,135,IL - 2,Open Seat Left by Kelly (D),Race Rating: Safe D
,,136,IL - 3,Incumbent: Delia Ramirez (D),Race Rating: Safe D
,,137,IL - 4,Open Seat Left by García (D),Race Rating: Safe D
,,138,IL - 5,Incumbent: Mike Quigley (D),Race Rating: Safe D
,,139,IL - 6,Incumbent: Sean Casten (D),Race Rating: Safe D
,,140,IL - 7,Open Seat Left by Davis (D),Race Rating: Safe D
,,141,IL - 8,Open Seat Left by Krishnamoorthi (D),Race Rating: Safe D
,,142,IL - 9,Open Seat Left by Schakowsky (D),Race Rating: Safe D
,,143,IL - 10,Incumbent: Brad Schneider (D),Race Rating: Safe D
,,144,IL - 11,Incumbent: Bill Foster (D),Race Rating: Safe D
,,145,IL - 12,Incumbent: Mike Bost (R),Race Rating: Safe R
,,146,IL - 13,Incumbent: Nikki Budzinski (D),Race Rating: Safe D
,,147,IL - 14,Incumbent: Lauren Underwood (D),Race Rating: Safe D
,,148,IL - 15,Incumbent: Mary Miller (R),Race Rating: Safe R
,,149,IL - 16,Incumbent: Darin LaHood (R),Race Rating: Safe R
,,150,IL - 17,Incumbent: Eric Sorensen (D),Race Rating: Safe D
,,151,IN - 1,Incumbent: Frank Mrvan (D),Race Rating: Likely D
,,152,IN - 2,Incumbent: Rudy Yakym (R),Race Rating: Safe R
,,153,IN - 3,Incumbent: Marlin Stutzman (R),Race Rating: Safe R
,,154,IN - 4,Incumbent: Jim Baird (R),Race Rating: Safe R
,,155,IN - 5,Incumbent: Victoria Spartz (R),Race Rating: Safe R
,,156,IN - 6,Incumbent: Cynthia Wirth (R),Race Rating: Safe R
,,157,IN - 7,Incumbent: André Carson (D),Race Rating: Safe D
,,158,IN - 8,Incumbent: Mark Messmer (R),Race Rating: Safe R
,,159,IN - 9,Incumbent: Erin Houchin (R),Race Rating: Safe R
,,160,IA - 1,Incumbent: Mariannette Miller-Meeks (R),Race Rating: Tossup
,,161,IA - 2,Open Seat Left by Hinson (R),Race Rating: Tossup
,,162,IA - 3,Incumbent: Zach Nunn (R),Race Rating: Tossup
,,163,IA - 4,Open Seat Left by Feenstra (R),Race Rating: Safe R
,,164,KS - 1,Incumbent: Tracey Mann (R),Race Rating: Safe R
,,165,KS - 2,Incumbent: Derek Schmidt (R),Race Rating: Safe R
,,166,KS - 3,Incumbent: Sharice Davids (D),Race Rating: Safe D
,,167,KS - 4,Incumbent: Ron Estes (R),Race Rating: Safe R
,,168,KY - 1,Incumbent: James Comer (R),Race Rating: Safe R
,,169,KY - 2,Incumbent: Brett Guthrie (R),Race Rating: Safe R
,,170,KY - 3,Incumbent: Morgan McGarvey (D),Race Rating: Safe D
,,171,KY - 4,Incumbent: Thomas Massie (R),Race Rating: Safe R
,,172,KY - 5,Incumbent: Hal Rogers (R),Race Rating: Safe R
,,173,KY - 6,Open Seat Left by Barr (R),Race Rating: Tilt R
,,174,LA - 1,Incumbent: Steve Scalise (R),Race Rating: Safe R
,,175,LA - 2,Incumbent: Troy Carter (D),Race Rating: Safe D
,,176,LA - 3,Incumbent: Clay Higgans (R),Race Rating: Safe R
,,177,LA - 4,Incumbent: Mike Johnson (R),Race Rating: Safe R
,,178,LA - 5,Open Seat Left by Letlow (R),Race Rating: Safe R
,,179,LA - 6,Incumbent: Cleo Fields (D),Race Rating: Safe R
,,180,ME - 1,Incumbent: Chellie Pingree (D),Race Rating: Safe D
,,181,ME - 2,Open Seat Left by Golden (D),Race Rating: Tossup
,,182,MD - 1,Incumbent: Andrew P. Harris (R),Race Rating: Safe R
,,183,MD - 2,Incumbent: Johnny Olszewski (D),Race Rating: Safe D
,,184,MD - 3,Incumbent: Sarah Elfreth (D),Race Rating: Safe D
,,185,MD - 4,Incumbent: Glenn Ivey (D),Race Rating: Safe D
,,186,MD - 5,Open Seat Left by Hoyer (D),Race Rating: Safe D
,,187,MD - 6,Incumbent: April McClain-Delaney (D),Race Rating: Safe D
,,188,MD - 7,Incumbent: Kweisi Mfume (D),Race Rating: Safe D
,,189,MD - 8,Incumbent: Jamie Raskin (D),Race Rating: Safe D
,,190,MA - 1,Incumbent: Richard Neal (D),Race Rating: Safe D
,,191,MA - 2,Incumbent: Jim McGovern (D),Race Rating: Safe D
,,192,MA - 3,Incumbent: Lori Trahan (D),Race Rating: Safe D
,,193,MA - 4,Incumbent: Jake Auchincloss (D),Race Rating: Safe D
,,194,MA - 5,Incumbent: Katherine Clark (D),Race Rating: Safe D
,,195,MA - 6,Open Seat Left by Moulton (D),Race Rating: Safe D
,,196,MA - 7,Incumbent: Ayanna Pressley (D),Race Rating: Safe D
,,197,MA - 8,Incumbent: Stephen Lynch (D),Race Rating: Safe D
,,198,MA - 9,Incumbent: Bill Keating (D),Race Rating: Safe D
,,199,MI - 1,Incumbent: Jack Bergman (R),Race Rating: Likely R
,,200,MI - 2,Incumbent: John Moolenaar (R),Race Rating: Safe R
,,201,MI - 3,Incumbent: Hillary Scholten (D),Race Rating: Safe D
,,202,MI - 4,Incumbent: Bill Huizenga (R),Race Rating: Tossup
,,203,MI - 5,Incumbent: Tim Walberg (R),Race Rating: Safe R
,,204,MI - 6,Incumbent: Debbie Dingell (D),Race Rating: Safe D
,,205,MI - 7,Incumbent: Tom Barrett (R),Race Rating: Tossup
,,206,MI - 8,Incumbent: Kristen Rivet (D),Race Rating: Likely D
,,207,MI - 9,Incumbent: Lisa McClain (R),Race Rating: Safe R
,,208,MI - 10,Open Seat Left by James (R),Race Rating: Tossup
,,209,MI - 11,Open Seat Left by Stevens (D),Race Rating: Safe D
,,210,MI - 12,Incumbent: Rashida Tlaib (D),Race Rating: Safe D
,,211,MI - 13,Open Seat Left by Thanedar (D),Race Rating: Safe D
,,212,MN - 1,Incumbent: Brad Finstad (R),Race Rating: Lean R
,,213,MN - 2,Open Seat Left by Craig (D),Race Rating: Likely D
,,214,MN - 3,Incumbent: Kelly Morrison (D),Race Rating: Safe D
,,215,MN - 4,Incumbent: Betty McCollum (D),Race Rating: Safe D
,,216,MN - 5,Incumbent: Ilhan Omar (D),Race Rating: Safe D
,,217,MN - 6,Incumbent: Tom Emmer (R),Race Rating: Safe R
,,218,MN - 7,Incumbent: Mischelle Fischbach (R),Race Rating: Safe R
,,219,MN - 8,Incumbent: Pete Stauber (R),Race Rating: Likely R
,,220,MS - 1,Incumbent: Trent Kelly (R),Race Rating: Safe R
,,221,MS - 2,Incumbent: Bennie Thompson (D),Race Rating: Safe D
,,222,MS - 3,Incumbent: Michael Guest (R),Race Rating: Safe R
,,223,MS - 4,Incumbent: Mike Ezell (R),Race Rating: Safe R
,,224,MO - 1,Incumbent: Wesley Bell (D),Race Rating: Safe D
,,225,MO - 2,Incumbent: Ann Wagner (R),Race Rating: Likely R
,,226,MO - 3,Incumbent: Bob Onder (R),Race Rating: Safe R
,,227,MO - 4,Incumbent: Mark Alford (R),Race Rating: Safe R
,,228,MO - 5,Incumbent: Emanuel Cleaver (D),Race Rating: Safe D
,,229,MO - 6,Open Seat Left by Graves (R),Race Rating: Safe R
,,230,MO - 7,Incumbent: Eric Burlison (R),Race Rating: Safe R
,,231,MO - 8,Incumbent: Jason Smith (R),Race Rating: Safe R
,,232,MT - 1,Open Seat Left by Zinke (R),Race Rating: Tossup
,,233,MT - 2,Incumbent: Troy Downing (R),Race Rating: Safe R
,,234,NE - 1,Incumbent: Mike Flood (R),Race Rating: Safe R
,,235,NE - 2,Open Seat Left by Bacon (R),Race Rating: Lean D
,,236,NE - 3,Incumbent: Adrian Smith (R),Race Rating: Safe R
,,237,NV - 1,Incumbent: Dina Titus (D),Race Rating: Likely D
,,238,NV - 2,Open Seat Left by Amodei (R),Race Rating: Lean R
,,239,NV - 3,Incumbent: Susie Lee (D),Race Rating: Likely D
,,240,NV - 4,Incumbent: Steven Horsford (D),Race Rating: Likely D
,,241,NH - 1,Open Seat Left by Pappas (D),Race Rating: Likely D
,,242,NH - 2,Incumbent: Maggie Goodlande (D),Race Rating: Safe D
,,243,NJ - 1,Incumbent: Donald Norcross (D),Race Rating: Safe D
,,244,NJ - 2,Incumbent: Jeff Van Drew (R),Race Rating: Likely R
,,245,NJ - 3,Incumbent: Herb Conaway (D),Race Rating: Safe D
,,246,NJ - 4,Incumbent: Chris Smith (R),Race Rating: Safe R
,,247,NJ - 5,Incumbent: Josh Gottheimer (D),Race Rating: Safe D
,,248,NJ - 6,Incumbent: Frank Pallone (D),Race Rating: Safe D
,,249,NJ - 7,Incumbent: Thomas Kean (R),Race Rating: Lean D
,,250,NJ - 8,Incumbent: Rob Menendez (D),Race Rating: Safe D
,,251,NJ - 9,Incumbent: Nellie Pou (D),Race Rating: Likely D
,,252,NJ - 10,Incumbent: LaMonica McIver (D),Race Rating: Safe D
,,253,NJ - 11,Open Seat Left by Sherrill (D),Race Rating: Safe D
,,254,NJ - 12,Open Seat Left by Watson Coleman (D),Race Rating: Safe D
,,255,NM - 1,Incumbent: Melanie Stansbury (D),Race Rating: Safe D
,,256,NM - 2,Incumbent: Gabe Vasquez (D),Race Rating: Likely D
,,257,NM - 3,Incumbent: Teresa Leger Fernandez (D),Race Rating: Safe D
,,258,NY - 1,Incumbent: Nick LaLota (R),Race Rating: Lean R
,,259,NY - 2,Incumbent: Andrew Garbarino (R),Race Rating: Likely R
,,260,NY - 3,Incumbent: Tom Suozzi (D),Race Rating: Likely D
,,261,NY - 4,Incumbent: Laura Gillen (D),Race Rating: Likely D
,,262,NY - 5,Incumbent: Gregory Meeks (D),Race Rating: Safe D
,,263,NY - 6,Incumbent: Grace Meng (D),Race Rating: Safe D
,,264,NY - 7,Open Seat Left by Velázquez (D),Race Rating: Safe D
,,265,NY - 8,Incumbent: Hakeem Jeffries (D),Race Rating: Safe D
,,266,NY - 9,Incumbent: Yvette Clarke (D),Race Rating: Safe D
,,267,NY - 10,Incumbent: Dan Goldman (D),Race Rating: Safe D
,,268,NY - 11,Incumbent: Nicole Malliotakis (R),Race Rating: Safe R
,,269,NY - 12,Open Seat Left by Nadler (D),Race Rating: Safe D
,,270,NY - 13,Incumbent: Adriano Espaillat (D),Race Rating: Safe D
,,271,NY - 14,Incumbent: Alexandria Ocasio-Cortez (D),Race Rating: Safe D
,,272,NY - 15,Incumbent: Ritchie Torres (D),Race Rating: Safe D
,,273,NY - 16,Incumbent: George Latimer (D),Race Rating: Safe D
,,274,NY - 17,Incumbent: Michael Lawler (R),Race Rating: Tilt D
,,275,NY - 18,Incumbent: Pat Ryan (D),Race Rating: Safe D
,,276,NY - 19,Incumbent: Josh Riley (D),Race Rating: Likely D
,,277,NY - 20,Incumbent: Paul Tonko (D),Race Rating: Safe D
,,278,NY - 21,Open Seat Left by Stefanik (R),Race Rating: Lean R
,,279,NY - 22,Incumbent: John Mannion (D),Race Rating: Safe D
,,280,NY - 23,Incumbent: Nick Langworthy (R),Race Rating: Safe R
,,281,NY - 24,Incumbent: Claudia Tenney (R),Race Rating: Safe R
,,282,NY - 25,Incumbent: Joseph Morelle (D),Race Rating: Safe D
,,283,NY - 26,Incumbent: Tim Kennedy (D),Race Rating: Safe D
,,284,NC - 1,Incumbent: Don Davis (D),Race Rating: Tilt D
,,285,NC - 2,Incumbent: Deborah Ross (D),Race Rating: Safe D
,,286,NC - 3,Incumbent: Greg Murphy (R),Race Rating: Safe R
,,287,NC - 4,Incumbent: Valerie Foushee (D),Race Rating: Safe D
,,288,NC - 5,Incumbent: Virginia Foxx (R),Race Rating: Safe R
,,289,NC - 6,Incumbent: Addison McDowell (R),Race Rating: Likely R
,,290,NC - 7,Incumbent: David Rouzer (R),Race Rating: Safe R
,,291,NC - 8,Incumbent: Mark Harris (R),Race Rating: Safe R
,,292,NC - 9,Incumbent: Richard Hudson (R),Race Rating: Likely R
,,293,NC - 10,Incumbent: Pat Harrigan (R),Race Rating: Safe R
,,294,NC - 11,Incumbent: Chuck Edwards (R),Race Rating: Tossup
,,295,NC - 12,Incumbent: Alma Adams (D),Race Rating: Safe D
,,296,NC - 13,Incumbent: Kelly Daughtry (R),Race Rating: Likely R
,,297,NC - 14,Incumbent: Tim Moore (R),Race Rating: Likely R
,,298,ND - 0,Incumbent: Julie Fedorchak (R),Race Rating: Safe R
,,299,OH - 1,Incumbent: Greg Landsman (D),Race Rating: Likely D
,,300,OH - 2,Incumbent: David Taylor (R),Race Rating: Safe R
,,301,OH - 3,Incumbent: Joyce Beatty (D),Race Rating: Safe D
,,302,OH - 4,Incumbent: Jim Jordan (R),Race Rating: Safe R
,,303,OH - 5,Incumbent: Bob Latta (R),Race Rating: Safe R
,,304,OH - 6,Incumbent: Michael Rulli (R),Race Rating: Safe R
,,305,OH - 7,Incumbent: Max Miller (R),Race Rating: Tossup
,,306,OH - 8,Incumbent: Warren Davidson (R),Race Rating: Likely R
,,307,OH - 9,Incumbent: Marcy Kaptur (D),Race Rating: Lean D
,,308,OH - 10,Incumbent: Mike Turner (R),Race Rating: Likely R
,,309,OH - 11,Incumbent: Shontel Brown (D),Race Rating: Safe D
,,310,OH - 12,Incumbent: Troy Balderson (R),Race Rating: Safe R
,,311,OH - 13,Incumbent: Emilia Sykes (D),Race Rating: Safe D
,,312,OH - 14,Incumbent: David Joyce (R),Race Rating: Safe R
,,313,OH - 15,Incumbent: Mike Carey (R),Race Rating: Likely R
,,314,OK - 1,Open Seat Left by Hern (R),Race Rating: Likely R
,,315,OK - 2,Incumbent: Josh Brecheen (R),Race Rating: Safe R
,,316,OK - 3,Incumbent: Frank Lucas (R),Race Rating: Safe R
,,317,OK - 4,Incumbent: Tom Cole (R),Race Rating: Safe R
,,318,OK - 5,Incumbent: Stephanie Bice (R),Race Rating: Safe R
,,319,OR - 1,Incumbent: Suzanne Bonamici (D),Race Rating: Safe D
,,320,OR - 2,Incumbent: Cliff Bentz (R),Race Rating: Safe R
,,321,OR - 3,Incumbent: Maxine Dexter (D),Race Rating: Safe D
,,322,OR - 4,Incumbent: Valerie Hoyle (D),Race Rating: Safe D
,,323,OR - 5,Incumbent: Janelle Bynum (D),Race Rating: Safe D
,,324,OR - 6,Incumbent: Andrea Salinas (D),Race Rating: Safe D
,,325,PA - 1,Incumbent: Brian Fitzpatrick (R),Race Rating: Tilt R
,,326,PA - 2,Incumbent: Brendan Boyle (D),Race Rating: Safe D
,,327,PA - 3,Open Seat Left by Evans (D),Race Rating: Safe D
,,328,PA - 4,Incumbent: Madeleine Dean (D),Race Rating: Safe D
,,329,PA - 5,Incumbent: Mary Gay Scanlon (D),Race Rating: Safe D
,,330,PA - 6,Incumbent: Chrissy Houlahan (D),Race Rating: Safe D
,,331,PA - 7,Incumbent: Ryan Mackenzie (R),Race Rating: Tilt D
,,332,PA - 8,Incumbent: Rob Bresnahan (R),Race Rating: Tossup
,,333,PA - 9,Incumbent: Dan Meuser (R),Race Rating: Safe R
,,334,PA - 10,Incumbent: Scott Perry (R),Race Rating: Tilt D
,,335,PA - 11,Incumbent: Lloyd Smucker (R),Race Rating: Safe R
,,336,PA - 12,Incumbent: Summer Lee (D),Race Rating: Safe D
,,337,PA - 13,Incumbent: John Joyce (R),Race Rating: Safe R
,,338,PA - 14,Incumbent: Guy Reschenthaler (R),Race Rating: Safe R
,,339,PA - 15,Incumbent: Glenn Thompson (R),Race Rating: Safe R
,,340,PA - 16,Incumbent: Mike Kelly (R),Race Rating: Safe R
,,341,PA - 17,Incumbent: Chris Deluzio (D),Race Rating: Safe D
,,342,RI - 1,Incumbent: Gabe Amo (D),Race Rating: Safe D
,,343,RI - 2,Incumbent: Seth Magaziner (D),Race Rating: Safe D
,,344,SC - 1,Open Seat Left by Mace (R),Race Rating: Tossup
,,345,SC - 2,Incumbent: Joe Wilson (R),Race Rating: Safe R
,,346,SC - 3,Incumbent: Sheri Biggs (R),Race Rating: Safe R
,,347,SC - 4,Incumbent: William Timmons (R),Race Rating: Safe R
,,348,SC - 5,Open Seat Left by Norman (R),Race Rating: Safe R
,,349,SC - 6,Incumbent: Jim Clyburn (D),Race Rating: Safe D
,,350,SC - 7,Incumbent: Russell Fry (R),Race Rating: Safe R
,,351,SD - 0,Open Seat Left by Johnson (R),Race Rating: Safe R
,,352,TN - 1,Incumbent: Diana Harshbarger (R),Race Rating: Safe R
,,353,TN - 2,Incumbent: Tim Burchett (R),Race Rating: Safe R
,,354,TN - 3,Incumbent: Chuck Fleischmann (R),Race Rating: Safe R
,,355,TN - 4,Incumbent: Scott DesJarlais (R),Race Rating: Safe R
,,356,TN - 5,Open Seat Left by Ogles (R),Race Rating: Lean R
,,357,TN - 6,Open Seat Left by  (R),Race Rating: Safe R
,,358,TN - 7,Incumbent: Mark Green (R),Race Rating: Safe R
,,359,TN - 8,Incumbent: David Kustoff (R),Race Rating: Safe R
,,360,TN - 9,Open Seat Left by Cohen (D),Race Rating: Lean R
,,361,TX - 1,Incumbent: Nathaniel Moran (R),Race Rating: Safe R
,,362,TX - 2,Open Seat Left by Crenshaw (R),Race Rating: Likely R
,,363,TX - 3,Incumbent: Keith Self (R),Race Rating: Safe R
,,364,TX - 4,Incumbent: Pat Fallon (R),Race Rating: Safe R
,,365,TX - 5,Incumbent: Lance Gooden (R),Race Rating: Safe R
,,366,TX - 6,Incumbent: Jake Ellzey (R),Race Rating: Safe R
,,367,TX - 7,Incumbent: Lizzie Fletcher (D),Race Rating: Safe D
,,368,TX - 8,Open Seat Left by Luttrell (R),Race Rating: Safe R
,,369,TX - 9,Open Seat Left by Green (D),Race Rating: Likely R
,,370,TX - 10,Open Seat Left by McCaul (R),Race Rating: Likely R
,,371,TX - 11,Incumbent: August Pfluger (R),Race Rating: Safe R
,,372,TX - 12,Incumbent: Craig Goldman (R),Race Rating: Safe R
,,373,TX - 13,Incumbent: Ronny Jackson (R),Race Rating: Safe R
,,374,TX - 14,Incumbent: Randy Weber (R),Race Rating: Safe R
,,375,TX - 15,Incumbent: Monica de la Cruz (R),Race Rating: Lean R
,,376,TX - 16,Incumbent: Veronica Escobar (D),Race Rating: Safe D
,,377,TX - 17,Incumbent: Pete Sessions (R),Race Rating: Safe R
,,378,TX - 18,Incumbent: Sylvester Turner (D),Race Rating: Safe D
,,379,TX - 19,Open Seat Left by Arrington (R),Race Rating: Safe R
,,380,TX - 20,Incumbent: Joaquin Castro (D),Race Rating: Safe D
,,381,TX - 21,Open Seat Left by Roy (R),Race Rating: Safe R
,,382,TX - 22,Open Seat Left by Nehls (R),Race Rating: Likely R
,,383,TX - 23,Open Seat Left by Gonzales (R),Race Rating: Tossup
,,384,TX - 24,Incumbent: Beth Van Duyne (R),Race Rating: Safe R
,,385,TX - 25,Incumbent: Roger Williams (R),Race Rating: Safe R
,,386,TX - 26,Incumbent: Brandon Gill (R),Race Rating: Safe R
,,387,TX - 27,Incumbent: Michael Cloud (R),Race Rating: Safe R
,,388,TX - 28,Incumbent: Henry Cuellar (D),Race Rating: Lean D
,,389,TX - 29,Incumbent: Sylvia Garcia (D),Race Rating: Safe D
,,390,TX - 30,Open Seat Left by Crockett (D),Race Rating: Safe D
,,391,TX - 31,Incumbent: John Carter (R),Race Rating: Safe R
,,392,TX - 32,Open Seat Left by Johnson (D),Race Rating: Likely R
,,393,TX - 33,Open Seat Left by Veasey (D),Race Rating: Safe D
,,394,TX - 34,Incumbent: Vicente Gonzalez (D),Race Rating: Tossup
,,395,TX - 35,Open Seat Left by Casar (D),Race Rating: Tossup
,,396,TX - 36,Incumbent: Brian Babin (R),Race Rating: Safe R
,,397,TX - 37,Incumbent: Lloyd Doggett (D),Race Rating: Safe D
,,398,TX - 38,Open Seat Left by Hunt (R),Race Rating: Safe R
,,399,UT - 1,Open Seat Left by Moore (R),Race Rating: Safe D
,,400,UT - 2,Incumbent: Celeste Maloy (R),Race Rating: Safe R
,,401,UT - 3,Incumbent: Mike Kennedy (R),Race Rating: Safe R
,,402,UT - 4,Incumbent: Burgess Owens (R),Race Rating: Safe R
,,403,VT - 0,Incumbent: Becca Balint (D),Race Rating: Safe D
,,404,VA - 1,Incumbent: Rob Wittman (R),Race Rating: Tilt R
,,405,VA - 2,Incumbent: Jennifer Kiggans (R),Race Rating: Lean D
,,406,VA - 3,Incumbent: Bobby Scott (D),Race Rating: Safe D
,,407,VA - 4,Incumbent: Jennifer McClellan (D),Race Rating: Safe D
,,408,VA - 5,Incumbent: John McGuire (R),Race Rating: Tilt R
,,409,VA - 6,Incumbent: Ben Cline (R),Race Rating: Safe R
,,410,VA - 7,Incumbent: Eugene Vindman (D),Race Rating: Likely D
,,411,VA - 8,Incumbent: Don Beyer (D),Race Rating: Safe D
,,412,VA - 9,Incumbent: Morgan Griffith (R),Race Rating: Safe R
,,413,VA - 10,Incumbent: Suhas Subramanyam (D),Race Rating: Safe D
,,414,VA - 11,Incumbent:  (D),Race Rating: Safe D
,,415,WA - 1,Incumbent: Suzan DelBene (D),Race Rating: Safe D
,,416,WA - 2,Incumbent: Rick Larsen (D),Race Rating: Safe D
,,417,WA - 3,Incumbent: Marie Perez (D),Race Rating: Lean D
,,418,WA - 4,Open Seat Left by Newhouse (R),Race Rating: Safe R
,,419,WA - 5,Incumbent: Michael Baumgartner (R),Race Rating: Safe R
,,420,WA - 6,Incumbent: Emily Randall (D),Race Rating: Safe D
,,421,WA - 7,Incumbent: Pramila Jayapal (D),Race Rating: Safe D
,,422,WA - 8,Incumbent: Kim Schrier (D),Race Rating: Safe D
,,423,WA - 9,Incumbent: Adam Smith (D),Race Rating: Safe D
,,424,WA - 10,Incumbent: Marilyn Strickland (D),Race Rating: Safe D
,,425,WV - 1,Incumbent: Carol Miller (R),Race Rating: Safe R
,,426,WV - 2,Incumbent: Riley Moore (R),Race Rating: Safe R
,,427,WI - 1,Incumbent: Bryan Steil (R),Race Rating: Lean R
,,428,WI - 2,Incumbent: Mark Pocan (D),Race Rating: Safe D
,,429,WI - 3,Incumbent: Derrick Van Orden (R),Race Rating: Tossup
,,430,WI - 4,Incumbent: Gwenn Moore (D),Race Rating: Safe D
,,431,WI - 5,Incumbent: Scott Fitzgerald (R),Race Rating: Safe R
,,432,WI - 6,Incumbent: Glenn Grothman (R),Race Rating: Safe R
,,433,WI - 7,Open Seat Left by Tiffany (R),Race Rating: Likely R
,,434,WI - 8,Incumbent: Tony Wied (R),Race Rating: Safe R
,,435,WY - 0,Open Seat Left by Hageman (R),Race Rating: Safe R
