Date,Democrats,Republicans,Full_Date
Sep 1,62.1%,37.9%,2025-09-01
Sep 5,63.7%,36.3%,2025-09-05
Sep 10,63.7%,36.3%,2025-09-10
Sep 15,63.0%,37.1%,2025-09-15
Sep 20,61.0%,39.0%,2025-09-20
Sep 25,61.0%,39.0%,2025-09-25
Sep 30,60.5%,39.5%,2025-09-30
Oct 5,61.3%,38.7%,2025-10-05
Oct 10,61.2%,38.8%,2025-10-10
Oct 15,61.2%,38.8%,2025-10-15
Oct 20,61.1%,39.0%,2025-10-20
Oct 25,60.8%,39.2%,2025-10-25
Oct 30,60.2%,39.8%,2025-10-30
Nov 1,60.2%,39.8%,2025-11-01
Nov 5,61.4%,38.6%,2025-11-05
Nov 10,61.8%,38.2%,2025-11-10
Nov 15,62.0%,38.1%,2025-11-15
Nov 20,62.5%,37.5%,2025-11-20
Nov 25,62.5%,37.5%,2025-11-25
Nov 30,62.8%,37.2%,2025-11-30
Dec 5,63.1%,36.9%,2025-12-05
Dec 10,62.3%,37.7%,2025-12-10
Dec 15,62.2%,37.8%,2025-12-15
Dec 20,62.3%,37.7%,2025-12-20
Dec 25,62.3%,37.7%,2025-12-25
Dec 30,62.3%,37.7%,2025-12-30
Jan 1,62.6%,37.4%,2026-01-01
Jan 5,64.3%,35.7%,2026-01-05
Jan 10,65.2%,34.8%,2026-01-10
Jan 15,64.5%,35.5%,2026-01-15
Jan 20,64.7%,35.3%,2026-01-20
Jan 25,64.3%,35.7%,2026-01-25
Jan 30,65.1%,34.9%,2026-01-30
Feb 1,67.2%,32.8%,2026-02-01
Feb 5,69.1%,30.9%,2026-02-05
Feb 10,68.6%,31.4%,2026-02-10
Feb 15,68.6%,31.4%,2026-02-15
Feb 20,69.2%,30.8%,2026-02-20
Feb 25,69.2%,30.8%,2026-02-25
Mar 1,69.1%,30.9%,2026-03-01
Mar 5,69.1%,30.9%,2026-03-05
Mar 10,69.3%,30.7%,2026-03-10
Mar 15,69.3%,30.7%,2026-03-15
Mar 20,68.5%,31.5%,2026-03-20
Mar 25,68.2%,31.8%,2026-03-25
Mar 30,69.4%,30.6%,2026-03-30
Apr 1,69.3%,30.7%,2026-04-01
Apr 5,69.2%,30.9%,2026-04-05
Apr 10,69.7%,30.4%,2026-04-10
Apr 15,70.5%,29.5%,2026-04-15
Apr 20,78.2%,21.8%,2026-04-20
Apr 25,79.1%,20.9%,2026-04-25
Apr 30,80.7%,19.3%,2026-04-30
May 5,81.1%,18.9%,2026-05-05
May 10,71.7%,28.3%,2026-05-10
May 15,72.8%,27.2%,2026-05-15
May 20,73.7%,26.3%,2026-05-20
May 25,74.7%,25.3%,2026-05-25
May 30,74.9%,25.1%,2026-05-30
Jun 1,74.8%,25.2%,2026-06-01
Jun 5,74.6%,25.4%,2026-06-05
Jun 10,71.3%,28.7%,2026-06-10
Jun 15,71.3%,28.7%,2026-06-15
Jun 20,71.3%,28.7%,2026-06-20
Jun 25,71.3%,28.7%,2026-06-25
Jun 30,70.8%,29.2%,2026-06-30
Jul 5,71.7%,28.3%,2026-07-05
Jul 10,71.6%,28.4%,2026-07-10
Jul 15,71.2%,28.8%,2026-07-15
Jul 20,71.0%,29.1%,2026-07-20
Jul 25,72.4%,27.6%,2026-07-25
Jul 30,73.6%,26.4%,2026-07-30
Aug 1,73.5%,26.5%,2026-08-01
Aug 5,75.0%,25.0%,2026-08-05
Aug 10,75.5%,24.5%,2026-08-10
Aug 15,76.2%,23.8%,2026-08-15
Aug 20,76.3%,23.7%,2026-08-20
Aug 25,76.2%,23.8%,2026-08-25
Aug 30,76.8%,23.2%,2026-08-30
Sep 1,76.9%,23.1%,2026-09-01
Sep 5,76.6%,23.4%,2026-09-05
Sep 10,80.4%,19.6%,2026-09-10
Sep 15,84.2%,15.8%,2026-09-15
Sep 20,83.6%,16.4%,2026-09-20
Sep 25,86.1%,13.9%,2026-09-25
Sep 30,87.8%,12.2%,2026-09-30
Oct 1,87.8%,12.2%,2026-10-01
