,Rating,Inc
Alabama,Safe R,No Incumbent: Open - R Seat
Alaska,Toss Up,Incumbent: Dan Sullivan (R)
Arkansas,Safe R,Incumbent: Tom Cotton (R)
Colorado,Safe D,Incumbent: John Hickenlooper (D)
Delaware,Safe D,Incumbent: Chris Coons (D)
Florida,Lean R,No Incumbent: Open - R Seat
Georgia,Likely D,Incumbent: Jon Ossoff (D)
Idaho,Safe R,Incumbent: Jim Risch (R)
Illinois,Safe D,No Incumbent: Open - D Seat
Iowa,Toss Up,No Incumbent: Open - R Seat
Kansas,Toss Up,Incumbent: Roger Marshall (R)
Kentucky,Safe R,No Incumbent: Open - R Seat
Louisiana,Likely R,No Incumbent: Open - R Seat
Maine,Tilt D,Incumbent: Susan Collins (R)
Massachusetts,Safe D,Incumbent: Ed Markey (D)
Michigan,Lean D,No Incumbent: Open - D Seat
Minnesota,Lean D,No Incumbent: Open - D Seat
Mississippi,Likely R,Incumbent: Cindy Hyde-Smith (R)
Montana,Lean R,No Incumbent: Open - R Seat
Nebraska,Tilt R,Incumbent: Pete Ricketts (R)
New Hampshire,Likely D,No Incumbent: Open - D Seat
New Jersey,Safe D,Incumbent: Cory Booker (D)
New Mexico,Safe D,Incumbent: Ben Ray Luján (D)
North Carolina,Likely D,No Incumbent: Open - R Seat
Ohio,Tilt D,No Incumbent: Open - R Seat
Oklahoma,Safe R,No Incumbent: Open - R Seat
Oregon,Safe D,Incumbent: Jeff Merkley (D)
Rhode Island,Safe D,Incumbent: Jack Reed (D)
South Carolina,Tilt R,No Incumbent: Open - R Seat
South Dakota,Likely R,Incumbent: Mike Rounds (R)
Tennessee,Safe R,Incumbent: Bill Hagerty (R)
Texas,Lean D,No Incumbent: Open - R Seat
Virginia,Safe D,Incumbent: Mark Warner (D)
West Virginia,Safe R,Incumbent: Shelley Moore Capito (R)
Wyoming,Safe R,No Incumbent: Open - R Seat
Special 2,Safe R,No Incumbent: Open - R Seat
Special 3,Safe R,No Incumbent: Open - R Seat
Special 4,Safe R,No Incumbent: Open - R Seat
Special 5,Safe R,No Incumbent: Open - R Seat
Special 6,Safe R,No Incumbent: Open - R Seat
